Product ID,Stock Quantity,Reorder Level,Last Updated
FUR-BO-10001798,88,36,2026-06-13
FUR-CH-10000454,37,10,2026-06-13
OFF-LA-10000240,464,42,2026-06-13
FUR-TA-10000577,419,17,2026-06-13
OFF-ST-10000760,428,17,2026-06-13
FUR-FU-10001487,275,24,2026-06-13
OFF-AR-10002833,29,37,2026-06-13
TEC-PH-10002275,47,47,2026-06-13
OFF-BI-10003910,365,14,2026-06-13
OFF-AP-10002892,436,30,2026-06-13
FUR-TA-10001539,430,38,2026-06-13
TEC-PH-10002033,359,44,2026-06-13
OFF-PA-10002365,197,15,2026-06-13
OFF-BI-10003656,161,27,2026-06-13
OFF-AP-10002311,11,12,2026-06-13
OFF-BI-10000756,219,40,2026-06-13
OFF-ST-10004186,191,34,2026-06-13
OFF-ST-10000107,459,38,2026-06-13
OFF-AR-10003056,383,20,2026-06-13
TEC-PH-10001949,433,48,2026-06-13
OFF-BI-10002215,367,16,2026-06-13
OFF-AR-10000246,318,18,2026-06-13
OFF-AP-10001492,36,25,2026-06-13
FUR-CH-10002774,292,37,2026-06-13
OFF-BI-10001634,254,41,2026-06-13
TEC-AC-10003027,250,44,2026-06-13
FUR-BO-10004834,51,11,2026-06-13
OFF-BI-10000474,370,26,2026-06-13
FUR-FU-10004848,457,35,2026-06-13
OFF-EN-10001509,154,11,2026-06-13
OFF-AR-10004042,488,20,2026-06-13
OFF-BI-10001525,443,39,2026-06-13
OFF-AR-10001683,489,34,2026-06-13
OFF-PA-10000249,347,39,2026-06-13
TEC-PH-10004977,276,20,2026-06-13
FUR-FU-10003664,303,28,2026-06-13
OFF-EN-10002986,67,23,2026-06-13
FUR-BO-10002545,29,12,2026-06-13
FUR-CH-10004218,307,40,2026-06-13
TEC-PH-10000486,112,14,2026-06-13
TEC-PH-10004093,85,13,2026-06-13
OFF-ST-10003479,321,49,2026-06-13
OFF-ST-10003282,445,15,2026-06-13
TEC-AC-10000171,137,29,2026-06-13
OFF-BI-10003291,355,14,2026-06-13
OFF-ST-10001713,48,11,2026-06-13
TEC-AC-10002167,105,45,2026-06-13
TEC-PH-10003988,382,34,2026-06-13
OFF-BI-10004410,359,18,2026-06-13
OFF-LA-10002762,72,19,2026-06-13
FUR-FU-10001706,180,20,2026-06-13
FUR-CH-10003061,418,11,2026-06-13
OFF-FA-10000304,128,44,2026-06-13
TEC-PH-10002447,356,30,2026-06-13
OFF-ST-10000604,386,10,2026-06-13
OFF-PA-10001569,334,15,2026-06-13
FUR-CH-10003968,427,20,2026-06-13
OFF-PA-10000587,493,29,2026-06-13
OFF-BI-10001460,321,43,2026-06-13
OFF-AR-10001868,341,15,2026-06-13
TEC-AC-10004633,220,26,2026-06-13
OFF-BI-10001078,460,41,2026-06-13
OFF-PA-10003892,409,29,2026-06-13
FUR-FU-10000397,415,39,2026-06-13
FUR-CH-10001146,225,13,2026-06-13
OFF-AR-10002671,429,26,2026-06-13
TEC-PH-10002726,132,22,2026-06-13
OFF-PA-10000482,25,30,2026-06-13
OFF-BI-10004654,52,45,2026-06-13
OFF-PA-10004675,165,25,2026-06-13
FUR-CH-10000513,415,22,2026-06-13
FUR-FU-10003708,117,46,2026-06-13
OFF-ST-10004123,326,10,2026-06-13
OFF-BI-10004182,349,21,2026-06-13
FUR-FU-10000260,493,28,2026-06-13
OFF-ST-10000615,259,26,2026-06-13
FUR-FU-10003194,453,22,2026-06-13
OFF-AP-10002118,88,20,2026-06-13
OFF-BI-10002309,385,11,2026-06-13
OFF-AR-10002053,380,17,2026-06-13
OFF-ST-10002370,314,44,2026-06-13
OFF-EN-10000927,195,10,2026-06-13
OFF-ST-10003656,372,28,2026-06-13
FUR-CH-10000863,65,11,2026-06-13
TEC-AC-10001998,85,20,2026-06-13
OFF-LA-10000134,227,27,2026-06-13
OFF-ST-10003442,431,10,2026-06-13
OFF-AR-10004930,132,38,2026-06-13
OFF-PA-10000304,222,16,2026-06-13
OFF-PA-10003177,411,26,2026-06-13
FUR-FU-10003799,432,31,2026-06-13
OFF-BI-10002852,169,32,2026-06-13
OFF-BI-10004738,58,11,2026-06-13
FUR-FU-10000629,34,35,2026-06-13
OFF-BI-10001721,110,35,2026-06-13
OFF-AP-10000358,465,24,2026-06-13
OFF-PA-10003256,480,44,2026-06-13
TEC-AC-10001767,61,30,2026-06-13
OFF-BI-10002609,461,43,2026-06-13
OFF-PA-10004040,37,18,2026-06-13
TEC-AC-10001552,135,18,2026-06-13
FUR-FU-10004006,250,38,2026-06-13
OFF-BI-10002794,222,41,2026-06-13
TEC-AC-10003499,159,32,2026-06-13
TEC-PH-10002844,254,44,2026-06-13
OFF-AR-10000390,92,17,2026-06-13
TEC-AC-10000844,106,28,2026-06-13
FUR-FU-10001934,161,46,2026-06-13
OFF-AR-10000380,342,28,2026-06-13
OFF-BI-10003981,149,24,2026-06-13
OFF-FA-10000621,105,43,2026-06-13
OFF-EN-10002600,241,17,2026-06-13
OFF-PA-10004965,209,23,2026-06-13
OFF-EN-10002504,114,11,2026-06-13
FUR-TA-10001768,124,12,2026-06-13
OFF-BI-10003650,127,39,2026-06-13
FUR-FU-10002157,180,19,2026-06-13
OFF-ST-10000777,491,11,2026-06-13
OFF-EN-10002500,393,34,2026-06-13
TEC-PH-10003875,461,17,2026-06-13
FUR-CH-10004063,485,16,2026-06-13
FUR-TA-10004534,320,34,2026-06-13
OFF-BI-10003274,387,18,2026-06-13
OFF-ST-10002974,158,44,2026-06-13
FUR-CH-10001146,269,43,2026-06-13
FUR-FU-10003773,189,28,2026-06-13
TEC-PH-10002293,131,46,2026-06-13
OFF-PA-10002377,144,24,2026-06-13
OFF-FA-10002780,322,27,2026-06-13
OFF-PA-10001804,451,26,2026-06-13
OFF-PA-10001736,352,43,2026-06-13
OFF-AR-10001149,104,15,2026-06-13
OFF-FA-10002988,461,42,2026-06-13
OFF-BI-10004781,475,39,2026-06-13
OFF-SU-10001218,136,20,2026-06-13
OFF-AR-10000940,339,17,2026-06-13
OFF-EN-10004030,20,23,2026-06-13
OFF-PA-10004327,239,44,2026-06-13
OFF-AP-10001058,328,30,2026-06-13
FUR-FU-10000521,90,29,2026-06-13
TEC-PH-10000215,160,18,2026-06-13
TEC-PH-10001448,376,28,2026-06-13
OFF-BI-10002735,183,10,2026-06-13
OFF-AP-10000326,162,44,2026-06-13
TEC-PH-10001254,240,35,2026-06-13
OFF-PA-10001950,411,13,2026-06-13
OFF-PA-10002254,142,40,2026-06-13
OFF-ST-10001590,70,33,2026-06-13
OFF-AR-10001547,431,23,2026-06-13
OFF-LA-10002475,164,23,2026-06-13
TEC-PH-10004536,203,44,2026-06-13
OFF-PA-10002751,280,29,2026-06-13
TEC-AC-10003657,85,24,2026-06-13
OFF-EN-10001990,217,46,2026-06-13
OFF-BI-10004002,387,21,2026-06-13
OFF-AR-10004441,88,32,2026-06-13
TEC-MA-10000822,498,35,2026-06-13
OFF-ST-10000991,428,18,2026-06-13
FUR-CH-10004287,373,25,2026-06-13
OFF-AR-10002656,264,10,2026-06-13
OFF-AP-10002518,218,16,2026-06-13
TEC-PH-10003931,131,28,2026-06-13
OFF-PA-10000659,189,16,2026-06-13
OFF-PA-10001144,450,17,2026-06-13
FUR-CH-10003817,114,41,2026-06-13
OFF-AP-10000891,498,17,2026-06-13
OFF-LA-10003148,298,46,2026-06-13
OFF-AP-10002684,367,31,2026-06-13
FUR-CH-10004698,170,13,2026-06-13
OFF-SU-10002189,488,16,2026-06-13
OFF-AR-10001940,442,38,2026-06-13
OFF-ST-10003455,32,38,2026-06-13
TEC-AC-10004659,431,28,2026-06-13
TEC-PH-10003273,213,47,2026-06-13
TEC-PH-10004896,141,23,2026-06-13
TEC-AC-10002345,432,15,2026-06-13
OFF-BI-10001890,390,21,2026-06-13
TEC-AC-10002323,321,38,2026-06-13
OFF-ST-10001328,149,24,2026-06-13
FUR-BO-10002613,260,21,2026-06-13
TEC-PH-10001552,115,36,2026-06-13
OFF-PA-10000061,232,34,2026-06-13
OFF-AR-10003514,204,27,2026-06-13
OFF-AR-10004685,77,43,2026-06-13
OFF-AR-10004027,22,19,2026-06-13
OFF-ST-10001414,106,41,2026-06-13
OFF-BI-10000343,146,32,2026-06-13
OFF-PA-10002749,367,38,2026-06-13
OFF-PA-10002666,380,37,2026-06-13
FUR-TA-10004289,359,19,2026-06-13
OFF-AP-10003622,434,12,2026-06-13
OFF-AP-10003217,471,47,2026-06-13
FUR-FU-10002960,284,41,2026-06-13
TEC-PH-10001918,250,49,2026-06-13
OFF-ST-10000642,118,36,2026-06-13
TEC-PH-10001700,386,45,2026-06-13
OFF-FA-10000134,52,13,2026-06-13
OFF-ST-10001522,66,39,2026-06-13
TEC-AC-10001266,357,39,2026-06-13
OFF-LA-10004544,358,25,2026-06-13
FUR-BO-10004695,488,20,2026-06-13
TEC-MA-10000864,25,31,2026-06-13
TEC-AC-10000109,329,15,2026-06-13
TEC-PH-10002563,430,43,2026-06-13
OFF-FA-10000585,374,37,2026-06-13
OFF-PA-10004000,358,18,2026-06-13
FUR-FU-10000087,295,44,2026-06-13
TEC-MA-10001148,339,41,2026-06-13
OFF-AR-10001958,137,30,2026-06-13
OFF-AR-10001026,427,43,2026-06-13
FUR-TA-10003748,138,42,2026-06-13
OFF-ST-10002485,431,47,2026-06-13
FUR-CH-10004860,119,10,2026-06-13
FUR-CH-10004477,185,11,2026-06-13
OFF-BI-10001679,366,47,2026-06-13
FUR-TA-10001705,381,41,2026-06-13
FUR-TA-10003473,230,37,2026-06-13
FUR-FU-10004017,230,49,2026-06-13
TEC-AC-10003832,144,47,2026-06-13
OFF-PA-10002479,139,40,2026-06-13
OFF-PA-10003349,477,42,2026-06-13
FUR-FU-10000576,498,30,2026-06-13
FUR-FU-10004351,180,25,2026-06-13
TEC-PH-10000011,190,44,2026-06-13
FUR-TA-10002607,230,29,2026-06-13
FUR-FU-10002505,417,22,2026-06-13
OFF-ST-10002276,246,20,2026-06-13
OFF-PA-10004082,107,35,2026-06-13
OFF-AP-10002945,184,46,2026-06-13
FUR-CH-10002965,294,25,2026-06-13
OFF-PA-10004569,160,15,2026-06-13
OFF-ST-10001228,275,14,2026-06-13
OFF-EN-10003296,497,25,2026-06-13
OFF-ST-10004804,288,27,2026-06-13
TEC-PH-10001580,334,10,2026-06-13
TEC-AC-10000290,274,27,2026-06-13
OFF-ST-10002790,233,21,2026-06-13
OFF-BI-10003460,368,40,2026-06-13
OFF-AP-10002203,118,35,2026-06-13
TEC-MA-10003353,484,38,2026-06-13
TEC-PH-10001433,265,20,2026-06-13
TEC-AC-10004469,209,17,2026-06-13
OFF-AR-10003602,483,49,2026-06-13
OFF-FA-10003472,314,26,2026-06-13
OFF-ST-10004180,286,10,2026-06-13
OFF-EN-10004386,142,49,2026-06-13
OFF-ST-10003208,65,47,2026-06-13
TEC-AC-10003628,143,19,2026-06-13
FUR-FU-10003274,494,41,2026-06-13
OFF-BI-10002557,212,27,2026-06-13
OFF-PA-10002615,314,20,2026-06-13
OFF-AR-10001427,394,40,2026-06-13
OFF-PA-10000673,239,33,2026-06-13
OFF-PA-10004470,45,22,2026-06-13
OFF-ST-10000876,396,35,2026-06-13
OFF-LA-10002043,308,12,2026-06-13
OFF-BI-10004967,191,27,2026-06-13
TEC-PH-10001760,404,31,2026-06-13
FUR-TA-10002903,491,18,2026-06-13
OFF-PA-10000474,167,48,2026-06-13
TEC-AC-10001956,149,36,2026-06-13
OFF-PA-10004100,341,45,2026-06-13
OFF-BI-10000778,440,46,2026-06-13
OFF-SU-10000646,489,30,2026-06-13
OFF-FA-10002983,124,10,2026-06-13
OFF-LA-10004689,382,36,2026-06-13
TEC-AC-10002001,227,16,2026-06-13
FUR-BO-10004709,87,32,2026-06-13
FUR-FU-10004091,471,49,2026-06-13
FUR-CH-10001891,343,14,2026-06-13
FUR-FU-10002918,242,39,2026-06-13
OFF-BI-10004593,383,37,2026-06-13
OFF-FA-10004854,291,27,2026-06-13
OFF-PA-10002105,482,19,2026-06-13
OFF-ST-10002756,347,30,2026-06-13
OFF-PA-10004243,161,11,2026-06-13
FUR-FU-10001861,401,27,2026-06-13
OFF-BI-10002706,482,15,2026-06-13
FUR-TA-10002533,377,34,2026-06-13
FUR-FU-10002671,474,28,2026-06-13
OFF-AR-10003651,175,24,2026-06-13
OFF-BI-10001072,205,41,2026-06-13
OFF-AR-10002135,152,24,2026-06-13
OFF-AR-10002804,480,35,2026-06-13
FUR-FU-10001918,430,29,2026-06-13
FUR-CH-10004086,82,47,2026-06-13
FUR-FU-10001756,465,26,2026-06-13
OFF-LA-10000634,162,17,2026-06-13
FUR-FU-10001588,268,40,2026-06-13
TEC-PH-10002398,292,17,2026-06-13
OFF-PA-10001937,21,35,2026-06-13
OFF-AR-10003373,312,14,2026-06-13
FUR-CH-10002602,157,25,2026-06-13
TEC-MA-10002927,413,18,2026-06-13
TEC-AC-10000892,208,14,2026-06-13
OFF-FA-10000624,337,12,2026-06-13
TEC-AC-10001908,406,19,2026-06-13
FUR-FU-10001967,14,43,2026-06-13
TEC-PH-10003645,115,28,2026-06-13
OFF-ST-10000675,324,28,2026-06-13
FUR-CH-10003312,235,49,2026-06-13
OFF-LA-10001074,264,33,2026-06-13
OFF-BI-10001524,129,46,2026-06-13
TEC-PH-10004614,422,39,2026-06-13
OFF-BI-10001153,46,20,2026-06-13
OFF-BI-10001982,381,15,2026-06-13
OFF-BI-10001922,316,13,2026-06-13
TEC-CO-10001449,249,48,2026-06-13
OFF-BI-10004140,36,10,2026-06-13
OFF-BI-10003314,185,17,2026-06-13
FUR-TA-10004575,466,30,2026-06-13
OFF-FA-10000490,378,45,2026-06-13
OFF-AR-10000122,384,26,2026-06-13
TEC-PH-10000702,12,12,2026-06-13
OFF-AR-10001374,243,19,2026-06-13
OFF-PA-10001970,124,24,2026-06-13
OFF-BI-10002160,299,24,2026-06-13
OFF-BI-10004995,145,21,2026-06-13
FUR-BO-10002268,461,25,2026-06-13
OFF-EN-10001137,188,39,2026-06-13
OFF-AR-10002399,51,30,2026-06-13
OFF-PA-10002713,187,21,2026-06-13
OFF-AP-10001124,115,28,2026-06-13
OFF-LA-10001158,80,38,2026-06-13
FUR-CH-10000785,252,12,2026-06-13
OFF-AR-10003732,372,33,2026-06-13
FUR-FU-10000023,277,25,2026-06-13
OFF-BI-10002412,192,43,2026-06-13
OFF-SU-10001225,419,30,2026-06-13
OFF-ST-10002406,365,28,2026-06-13
OFF-PA-10002036,434,15,2026-06-13
OFF-ST-10002205,439,13,2026-06-13
TEC-AC-10003911,21,14,2026-06-13
OFF-AR-10000658,367,22,2026-06-13
TEC-AC-10002076,19,18,2026-06-13
OFF-PA-10003039,156,26,2026-06-13
FUR-TA-10004915,176,41,2026-06-13
OFF-AP-10000696,246,11,2026-06-13
OFF-ST-10003327,17,20,2026-06-13
OFF-BI-10000309,314,28,2026-06-13
OFF-PA-10004734,152,13,2026-06-13
OFF-BI-10002225,205,11,2026-06-13
TEC-AC-10004708,219,40,2026-06-13
FUR-TA-10000617,151,15,2026-06-13
TEC-AC-10002335,119,47,2026-06-13
TEC-MA-10001681,66,12,2026-06-13
FUR-FU-10001935,39,33,2026-06-13
OFF-AR-10004757,325,31,2026-06-13
OFF-BI-10000050,458,47,2026-06-13
TEC-PH-10003012,385,49,2026-06-13
TEC-CO-10002313,291,35,2026-06-13
OFF-BI-10003982,129,10,2026-06-13
OFF-BI-10004492,159,11,2026-06-13
OFF-ST-10000798,408,35,2026-06-13
OFF-PA-10002552,119,48,2026-06-13
OFF-SU-10002573,157,37,2026-06-13
OFF-ST-10001580,251,16,2026-06-13
OFF-ST-10000934,112,49,2026-06-13
TEC-AC-10000158,442,14,2026-06-13
OFF-PA-10001947,493,36,2026-06-13
OFF-AR-10003478,252,11,2026-06-13
OFF-AP-10004249,170,28,2026-06-13
TEC-CO-10004115,118,41,2026-06-13
OFF-PA-10003724,128,14,2026-06-13
FUR-TA-10002041,428,34,2026-06-13
OFF-PA-10002893,494,22,2026-06-13
OFF-LA-10003766,420,44,2026-06-13
OFF-PA-10001970,381,41,2026-06-13
FUR-BO-10001972,72,33,2026-06-13
FUR-CH-10003956,239,39,2026-06-13
OFF-PA-10000157,495,14,2026-06-13
OFF-AR-10004344,28,18,2026-06-13
FUR-CH-10004886,433,17,2026-06-13
OFF-PA-10003845,54,37,2026-06-13
OFF-AR-10001573,221,10,2026-06-13
OFF-EN-10000483,157,10,2026-06-13
TEC-AC-10004114,395,16,2026-06-13
FUR-FU-10004712,489,45,2026-06-13
OFF-ST-10000918,194,25,2026-06-13
FUR-CH-10000015,94,17,2026-06-13
FUR-FU-10003347,157,31,2026-06-13
OFF-BI-10001543,100,42,2026-06-13
TEC-MA-10000029,169,37,2026-06-13
OFF-AR-10000369,98,48,2026-06-13
OFF-BI-10004584,394,12,2026-06-13
OFF-ST-10000617,437,27,2026-06-13
OFF-ST-10003306,75,32,2026-06-13
OFF-BI-10000773,232,12,2026-06-13
TEC-AC-10002600,350,17,2026-06-13
TEC-MA-10002937,237,32,2026-06-13
OFF-PA-10002230,264,34,2026-06-13
FUR-CH-10003396,93,37,2026-06-13
FUR-FU-10000246,187,13,2026-06-13
OFF-ST-10000060,157,20,2026-06-13
OFF-ST-10003058,402,43,2026-06-13
OFF-PA-10002222,149,47,2026-06-13
FUR-CH-10002372,364,28,2026-06-13
OFF-LA-10001317,226,11,2026-06-13
FUR-FU-10000206,172,23,2026-06-13
OFF-AR-10000588,94,36,2026-06-13
OFF-ST-10001469,333,29,2026-06-13
OFF-AR-10001953,483,15,2026-06-13
OFF-AR-10003156,457,47,2026-06-13
OFF-AR-10004974,162,41,2026-06-13
TEC-PH-10002365,236,23,2026-06-13
OFF-ST-10000142,126,15,2026-06-13
TEC-AC-10001772,54,43,2026-06-13
FUR-CH-10000225,379,20,2026-06-13
FUR-CH-10002331,228,35,2026-06-13
OFF-EN-10001415,394,34,2026-06-13
OFF-AP-10002472,108,45,2026-06-13
TEC-AC-10004571,344,33,2026-06-13
OFF-BI-10001098,227,47,2026-06-13
FUR-TA-10001889,178,49,2026-06-13
OFF-BI-10000315,249,47,2026-06-13
OFF-SU-10003505,318,24,2026-06-13
OFF-AP-10002578,169,32,2026-06-13
FUR-BO-10002824,34,27,2026-06-13
OFF-BI-10002194,419,31,2026-06-13
OFF-PA-10004071,164,36,2026-06-13
OFF-ST-10002743,96,20,2026-06-13
FUR-BO-10001601,461,28,2026-06-13
TEC-PH-10002680,168,26,2026-06-13
OFF-ST-10001321,291,16,2026-06-13
OFF-PA-10001509,29,23,2026-06-13
OFF-PA-10003465,391,31,2026-06-13
TEC-PH-10000149,329,10,2026-06-13
OFF-AR-10003045,326,25,2026-06-13
OFF-ST-10000689,139,49,2026-06-13
TEC-AC-10001445,200,35,2026-06-13
TEC-AC-10002567,194,34,2026-06-13
OFF-LA-10003923,419,22,2026-06-13
FUR-BO-10001337,271,36,2026-06-13
TEC-PH-10001924,427,17,2026-06-13
TEC-PH-10001363,111,12,2026-06-13
TEC-PH-10000376,196,41,2026-06-13
TEC-AC-10000303,143,17,2026-06-13
OFF-ST-10001809,12,16,2026-06-13
OFF-EN-10003845,24,32,2026-06-13
TEC-AC-10000991,196,22,2026-06-13
FUR-TA-10001857,443,29,2026-06-13
OFF-EN-10001434,300,41,2026-06-13
OFF-BI-10002498,451,21,2026-06-13
FUR-FU-10004864,114,24,2026-06-13
FUR-FU-10000073,431,26,2026-06-13
OFF-BI-10001670,182,17,2026-06-13
OFF-BI-10001658,160,41,2026-06-13
FUR-CH-10001215,389,45,2026-06-13
OFF-BI-10000831,419,28,2026-06-13
OFF-PA-10000357,407,47,2026-06-13
OFF-AR-10001662,210,33,2026-06-13
OFF-AR-10003856,478,38,2026-06-13
OFF-ST-10001228,450,11,2026-06-13
OFF-BI-10003527,103,32,2026-06-13
FUR-FU-10001290,278,42,2026-06-13
TEC-AC-10002399,383,49,2026-06-13
OFF-AR-10003811,291,22,2026-06-13
OFF-AR-10001246,459,31,2026-06-13
TEC-CO-10003236,264,10,2026-06-13
OFF-ST-10004507,403,46,2026-06-13
OFF-PA-10001667,482,20,2026-06-13
OFF-ST-10004459,201,23,2026-06-13
OFF-ST-10000736,325,11,2026-06-13
OFF-BI-10000285,58,12,2026-06-13
TEC-PH-10003555,397,12,2026-06-13
TEC-AC-10003832,94,41,2026-06-13
OFF-FA-10002815,347,47,2026-06-13
FUR-CH-10003379,128,39,2026-06-13
OFF-ST-10004963,396,37,2026-06-13
OFF-SU-10002881,166,38,2026-06-13
OFF-EN-10001335,478,23,2026-06-13
FUR-CH-10000595,399,29,2026-06-13
FUR-FU-10000448,159,28,2026-06-13
TEC-PH-10000984,253,15,2026-06-13
OFF-ST-10001325,432,17,2026-06-13
OFF-BI-10002429,132,35,2026-06-13
OFF-BI-10004528,128,42,2026-06-13
OFF-AP-10001271,427,15,2026-06-13
FUR-CH-10002647,406,29,2026-06-13
TEC-AC-10001432,483,25,2026-06-13
TEC-PH-10002262,394,18,2026-06-13
TEC-AC-10001465,141,18,2026-06-13
TEC-PH-10002597,134,16,2026-06-13
FUR-FU-10000723,28,17,2026-06-13
OFF-BI-10000404,412,26,2026-06-13
OFF-PA-10002986,408,19,2026-06-13
OFF-SU-10001935,360,17,2026-06-13
FUR-CH-10002024,368,31,2026-06-13
FUR-FU-10003039,169,20,2026-06-13
OFF-FA-10004248,364,19,2026-06-13
OFF-ST-10001780,200,19,2026-06-13
OFF-AR-10003560,465,42,2026-06-13
OFF-LA-10001297,121,16,2026-06-13
FUR-TA-10004256,292,19,2026-06-13
OFF-PA-10003441,347,10,2026-06-13
OFF-BI-10000069,32,33,2026-06-13
OFF-AP-10003914,193,30,2026-06-13
FUR-FU-10004020,228,19,2026-06-13
OFF-FA-10003467,199,11,2026-06-13
TEC-PH-10002496,237,44,2026-06-13
OFF-PA-10004530,427,43,2026-06-13
OFF-BI-10001107,477,18,2026-06-13
OFF-PA-10004451,64,45,2026-06-13
FUR-CH-10004997,270,24,2026-06-13
TEC-PH-10000347,394,41,2026-06-13
OFF-AR-10003394,39,46,2026-06-13
OFF-PA-10001450,316,47,2026-06-13
OFF-SU-10001574,169,48,2026-06-13
FUR-FU-10001475,323,41,2026-06-13
OFF-SU-10004498,301,39,2026-06-13
TEC-PH-10000586,179,46,2026-06-13
OFF-BI-10002764,91,32,2026-06-13
OFF-LA-10003930,116,35,2026-06-13
TEC-PH-10003800,387,23,2026-06-13
OFF-PA-10002005,263,45,2026-06-13
OFF-PA-10004101,250,28,2026-06-13
OFF-AR-10004078,88,19,2026-06-13
OFF-AP-10004708,412,29,2026-06-13
FUR-FU-10001979,313,46,2026-06-13
OFF-SU-10004115,216,35,2026-06-13
TEC-PH-10001425,168,32,2026-06-13
TEC-PH-10003963,134,49,2026-06-13
OFF-ST-10001490,81,37,2026-06-13
OFF-PA-10002120,161,46,2026-06-13
OFF-BI-10000848,118,30,2026-06-13
TEC-PH-10003092,486,16,2026-06-13
OFF-LA-10004345,164,37,2026-06-13
OFF-PA-10001204,195,42,2026-06-13
TEC-PH-10004667,98,19,2026-06-13
OFF-BI-10002949,357,24,2026-06-13
FUR-FU-10003849,46,29,2026-06-13
FUR-FU-10000010,425,20,2026-06-13
OFF-BI-10002824,495,49,2026-06-13
TEC-PH-10002538,281,32,2026-06-13
OFF-BI-10002103,347,20,2026-06-13
FUR-CH-10004853,404,35,2026-06-13
OFF-AP-10000179,474,21,2026-06-13
OFF-ST-10001272,17,34,2026-06-13
FUR-FU-10000221,128,10,2026-06-13
OFF-AP-10001563,304,47,2026-06-13
OFF-BI-10000605,265,33,2026-06-13
OFF-ST-10001963,346,40,2026-06-13
TEC-AC-10001267,456,21,2026-06-13
TEC-PH-10002103,202,34,2026-06-13
TEC-AC-10002857,38,31,2026-06-13
FUR-CH-10001482,62,17,2026-06-13
OFF-BI-10001989,110,27,2026-06-13
OFF-AP-10003287,458,11,2026-06-13
OFF-BI-10004728,485,12,2026-06-13
FUR-FU-10000732,290,38,2026-06-13
OFF-ST-10000585,341,46,2026-06-13
OFF-LA-10002787,485,14,2026-06-13
OFF-PA-10001934,160,11,2026-06-13
OFF-AP-10002457,62,26,2026-06-13
OFF-FA-10003112,212,33,2026-06-13
OFF-AP-10002350,52,32,2026-06-13
TEC-AC-10001142,109,18,2026-06-13
TEC-AC-10001101,347,41,2026-06-13
OFF-AP-10002439,336,38,2026-06-13
OFF-BI-10002827,356,49,2026-06-13
OFF-EN-10002230,150,10,2026-06-13
OFF-ST-10001511,66,36,2026-06-13
OFF-SU-10004231,288,31,2026-06-13
TEC-PH-10004042,96,45,2026-06-13
FUR-FU-10003096,249,42,2026-06-13
FUR-FU-10002759,224,24,2026-06-13
FUR-TA-10000688,464,12,2026-06-13
OFF-PA-10002377,343,37,2026-06-13
OFF-AR-10001954,452,37,2026-06-13
OFF-AP-10004532,96,35,2026-06-13
OFF-PA-10002137,208,14,2026-06-13
OFF-AP-10000804,258,49,2026-06-13
TEC-AC-10003614,478,42,2026-06-13
FUR-FU-10003553,444,17,2026-06-13
OFF-BI-10004632,118,18,2026-06-13
OFF-BI-10003305,321,37,2026-06-13
OFF-ST-10002583,214,42,2026-06-13
TEC-MA-10004125,175,48,2026-06-13
OFF-LA-10001934,417,22,2026-06-13
FUR-BO-10004015,178,25,2026-06-13
FUR-FU-10004071,445,26,2026-06-13
OFF-ST-10002444,438,25,2026-06-13
TEC-AC-10002253,459,49,2026-06-13
OFF-PA-10000743,364,27,2026-06-13
OFF-LA-10002312,258,16,2026-06-13
OFF-LA-10003510,228,40,2026-06-13
OFF-AR-10001118,443,13,2026-06-13
OFF-BI-10001575,265,11,2026-06-13
FUR-FU-10003394,180,23,2026-06-13
FUR-TA-10002774,498,33,2026-06-13
OFF-PA-10001800,345,40,2026-06-13
OFF-AP-10001469,79,30,2026-06-13
FUR-BO-10003272,223,41,2026-06-13
OFF-EN-10001219,23,46,2026-06-13
OFF-AP-10001154,361,32,2026-06-13
TEC-AC-10001606,327,49,2026-06-13
OFF-BI-10003355,54,45,2026-06-13
FUR-FU-10002253,416,46,2026-06-13
OFF-PA-10004092,72,27,2026-06-13
FUR-TA-10000198,429,42,2026-06-13
OFF-ST-10000036,69,46,2026-06-13
FUR-FU-10000222,445,22,2026-06-13
OFF-SU-10004664,100,19,2026-06-13
OFF-EN-10001141,364,40,2026-06-13
TEC-PH-10002170,416,33,2026-06-13
OFF-PA-10001954,93,43,2026-06-13
FUR-TA-10002228,305,12,2026-06-13
OFF-ST-10004634,334,35,2026-06-13
TEC-AC-10003610,83,33,2026-06-13
FUR-BO-10001619,152,20,2026-06-13
OFF-BI-10000138,165,15,2026-06-13
TEC-AC-10001383,377,49,2026-06-13
OFF-LA-10003223,418,42,2026-06-13
OFF-BI-10004094,430,40,2026-06-13
OFF-PA-10004971,121,39,2026-06-13
OFF-SU-10004261,287,26,2026-06-13
TEC-PH-10000004,20,41,2026-06-13
OFF-BI-10003638,288,10,2026-06-13
FUR-FU-10003577,349,21,2026-06-13
OFF-BI-10000546,389,26,2026-06-13
TEC-CO-10002095,125,13,2026-06-13
FUR-TA-10001095,495,35,2026-06-13
OFF-LA-10004484,239,25,2026-06-13
OFF-EN-10001532,365,38,2026-06-13
TEC-AC-10003174,63,23,2026-06-13
OFF-BI-10004187,197,35,2026-06-13
OFF-ST-10000025,252,43,2026-06-13
FUR-FU-10004306,54,18,2026-06-13
FUR-CH-10003746,40,35,2026-06-13
OFF-BI-10001036,487,29,2026-06-13
OFF-BI-10000301,17,14,2026-06-13
OFF-AR-10004648,216,30,2026-06-13
FUR-FU-10002597,388,20,2026-06-13
OFF-AR-10003405,158,47,2026-06-13
FUR-CH-10002335,57,12,2026-06-13
OFF-PA-10003657,288,17,2026-06-13
FUR-BO-10004409,28,11,2026-06-13
TEC-AC-10000057,336,11,2026-06-13
OFF-EN-10000056,344,32,2026-06-13
OFF-BI-10000014,120,28,2026-06-13
FUR-CH-10004675,38,30,2026-06-13
OFF-BI-10001132,474,15,2026-06-13
FUR-CH-10003199,280,19,2026-06-13
TEC-PH-10001530,245,31,2026-06-13
OFF-LA-10001569,99,43,2026-06-13
OFF-PA-10000176,243,11,2026-06-13
OFF-LA-10002271,88,14,2026-06-13
FUR-FU-10004090,267,15,2026-06-13
OFF-AP-10000576,38,44,2026-06-13
OFF-PA-10003953,127,10,2026-06-13
FUR-FU-10000794,203,20,2026-06-13
OFF-AR-10001897,20,10,2026-06-13
TEC-PH-10001795,74,30,2026-06-13
TEC-AC-10004901,393,33,2026-06-13
OFF-AR-10003190,389,25,2026-06-13
OFF-AP-10000240,294,46,2026-06-13
TEC-AC-10001838,466,21,2026-06-13
OFF-PA-10003651,450,34,2026-06-13
OFF-BI-10003094,25,19,2026-06-13
FUR-CH-10001394,298,48,2026-06-13
OFF-BI-10004230,121,49,2026-06-13
OFF-PA-10003395,95,22,2026-06-13
TEC-AC-10002402,439,22,2026-06-13
TEC-AC-10003441,411,21,2026-06-13
OFF-FA-10002280,215,40,2026-06-13
OFF-SU-10000381,302,26,2026-06-13
OFF-EN-10004459,379,21,2026-06-13
FUR-CH-10000665,330,16,2026-06-13
OFF-AP-10003884,113,11,2026-06-13
TEC-PH-10001557,155,33,2026-06-13
TEC-PH-10002085,191,20,2026-06-13
OFF-AR-10002956,442,19,2026-06-13
OFF-AP-10003266,225,36,2026-06-13
TEC-MA-10004002,294,40,2026-06-13
OFF-BI-10001071,71,43,2026-06-13
OFF-PA-10001560,307,38,2026-06-13
OFF-AR-10002578,177,17,2026-06-13
FUR-BO-10001519,361,31,2026-06-13
OFF-BI-10001294,381,10,2026-06-13
OFF-BI-10001636,250,38,2026-06-13
OFF-SU-10002503,283,31,2026-06-13
OFF-LA-10004093,86,21,2026-06-13
FUR-FU-10003878,83,11,2026-06-13
TEC-AC-10000710,224,39,2026-06-13
OFF-AR-10002335,299,35,2026-06-13
OFF-PA-10001870,128,40,2026-06-13
OFF-PA-10001019,393,28,2026-06-13
OFF-SU-10002537,118,34,2026-06-13
OFF-ST-10003221,458,20,2026-06-13
OFF-AR-10003752,451,27,2026-06-13
TEC-AC-10001714,31,34,2026-06-13
OFF-AR-10003958,373,18,2026-06-13
TEC-PH-10002923,129,20,2026-06-13
OFF-LA-10004272,395,11,2026-06-13
FUR-FU-10000965,361,15,2026-06-13
OFF-LA-10004853,50,45,2026-06-13
OFF-BI-10003719,230,38,2026-06-13
OFF-BI-10000545,88,33,2026-06-13
OFF-PA-10003591,387,24,2026-06-13
OFF-PA-10001790,454,34,2026-06-13
TEC-AC-10002049,496,34,2026-06-13
OFF-BI-10003712,210,28,2026-06-13
OFF-BI-10003984,212,22,2026-06-13
FUR-FU-10001424,17,35,2026-06-13
OFF-BI-10002071,84,17,2026-06-13
OFF-ST-10002486,239,29,2026-06-13
TEC-AC-10000927,378,36,2026-06-13
OFF-PA-10001622,488,17,2026-06-13
OFF-AR-10003158,317,30,2026-06-13
TEC-PH-10002660,436,36,2026-06-13
OFF-BI-10003364,303,47,2026-06-13
OFF-EN-10001099,425,39,2026-06-13
OFF-PA-10002250,313,30,2026-06-13
OFF-BI-10004716,15,41,2026-06-13
OFF-LA-10001045,256,19,2026-06-13
OFF-BI-10001510,12,29,2026-06-13
OFF-PA-10002947,165,42,2026-06-13
OFF-PA-10000019,486,23,2026-06-13
FUR-BO-10003441,319,33,2026-06-13
TEC-PH-10004774,495,44,2026-06-13
OFF-BI-10003684,17,10,2026-06-13
TEC-PH-10001494,150,25,2026-06-13
TEC-AC-10004666,343,10,2026-06-13
OFF-ST-10003816,99,21,2026-06-13
FUR-TA-10001520,362,25,2026-06-13
OFF-ST-10001558,234,22,2026-06-13
TEC-AC-10002473,401,12,2026-06-13
TEC-PH-10004531,381,38,2026-06-13
OFF-AP-10004487,325,26,2026-06-13
OFF-PA-10003543,404,32,2026-06-13
TEC-AC-10004353,38,13,2026-06-13
OFF-AR-10001468,420,21,2026-06-13
OFF-PA-10002195,407,49,2026-06-13
OFF-PA-10001745,261,37,2026-06-13
OFF-BI-10004826,497,26,2026-06-13
OFF-PA-10000289,272,47,2026-06-13
OFF-AP-10003040,76,26,2026-06-13
OFF-PA-10000350,42,47,2026-06-13
OFF-BI-10001759,112,23,2026-06-13
OFF-ST-10001496,155,38,2026-06-13
OFF-BI-10002931,225,37,2026-06-13
FUR-TA-10002356,218,48,2026-06-13
FUR-FU-10003601,192,42,2026-06-13
FUR-TA-10004154,420,39,2026-06-13
OFF-PA-10000788,44,33,2026-06-13
FUR-FU-10001940,218,47,2026-06-13
OFF-BI-10004465,387,22,2026-06-13
OFF-PA-10002333,306,20,2026-06-13
FUR-FU-10004188,110,45,2026-06-13
OFF-BI-10000145,129,49,2026-06-13
OFF-LA-10001613,421,40,2026-06-13
OFF-LA-10004055,202,21,2026-06-13
OFF-PA-10004621,356,43,2026-06-13
OFF-PA-10001281,294,33,2026-06-13
OFF-ST-10001097,280,12,2026-06-13
FUR-FU-10001095,64,37,2026-06-13
OFF-BI-10002012,235,15,2026-06-13
OFF-PA-10004156,247,30,2026-06-13
OFF-AR-10000034,50,25,2026-06-13
TEC-PH-10000560,395,21,2026-06-13
OFF-EN-10000461,441,31,2026-06-13
TEC-MA-10003066,428,48,2026-06-13
OFF-BI-10004022,414,28,2026-06-13
OFF-AR-10001988,358,14,2026-06-13
OFF-PA-10003625,223,43,2026-06-13
OFF-BI-10003925,475,12,2026-06-13
TEC-PH-10001530,13,16,2026-06-13
OFF-EN-10003862,481,43,2026-06-13
OFF-ST-10004258,403,20,2026-06-13
FUR-FU-10002885,335,39,2026-06-13
TEC-AC-10003033,243,21,2026-06-13
OFF-ST-10000046,289,38,2026-06-13
OFF-BI-10002049,338,42,2026-06-13
FUR-FU-10001602,165,10,2026-06-13
OFF-ST-10003722,54,29,2026-06-13
TEC-AC-10003198,289,46,2026-06-13
FUR-FU-10002191,96,20,2026-06-13
TEC-PH-10004188,225,26,2026-06-13
OFF-ST-10001526,99,35,2026-06-13
OFF-AR-10001166,316,19,2026-06-13
FUR-CH-10000309,309,13,2026-06-13
TEC-MA-10004212,299,47,2026-06-13
OFF-EN-10003072,286,24,2026-06-13
OFF-BI-10000320,166,48,2026-06-13
OFF-PA-10001166,66,21,2026-06-13
OFF-PA-10003656,210,34,2026-06-13
TEC-PH-10000148,19,23,2026-06-13
TEC-PH-10003885,354,45,2026-06-13
OFF-LA-10001175,498,38,2026-06-13
OFF-PA-10000955,349,28,2026-06-13
FUR-FU-10003975,481,12,2026-06-13
OFF-BI-10003707,432,24,2026-06-13
OFF-AR-10000203,380,11,2026-06-13
OFF-AR-10004790,144,34,2026-06-13
TEC-AC-10004761,387,26,2026-06-13
FUR-BO-10001811,209,15,2026-06-13
OFF-AR-10001130,450,32,2026-06-13
OFF-AP-10000055,438,15,2026-06-13
FUR-CH-10002304,426,42,2026-06-13
FUR-FU-10000293,158,13,2026-06-13
OFF-PA-10001307,56,13,2026-06-13
FUR-FU-10004460,385,31,2026-06-13
OFF-AR-10000716,173,10,2026-06-13
FUR-FU-10004622,93,20,2026-06-13
OFF-BI-10003529,143,30,2026-06-13
OFF-BI-10001097,43,42,2026-06-13
OFF-BI-10001597,322,29,2026-06-13
OFF-FA-10001754,404,31,2026-06-13
OFF-FA-10004838,378,34,2026-06-13
TEC-PH-10002115,437,48,2026-06-13
OFF-FA-10003059,258,29,2026-06-13
OFF-BI-10004330,74,20,2026-06-13
OFF-BI-10003669,293,43,2026-06-13
OFF-BI-10003727,151,41,2026-06-13
TEC-AC-10003447,245,19,2026-06-13
OFF-AR-10000255,302,41,2026-06-13
OFF-AP-10002191,65,35,2026-06-13
OFF-PA-10000349,327,32,2026-06-13
FUR-CH-10002880,464,41,2026-06-13
OFF-PA-10003127,190,10,2026-06-13
TEC-MA-10003979,439,42,2026-06-13
OFF-PA-10000029,353,13,2026-06-13
OFF-LA-10000452,108,44,2026-06-13
TEC-PH-10001819,464,45,2026-06-13
OFF-AR-10002952,35,40,2026-06-13
TEC-PH-10000576,224,34,2026-06-13
OFF-PA-10000605,232,25,2026-06-13
OFF-ST-10004340,457,17,2026-06-13
OFF-BI-10004001,417,18,2026-06-13
FUR-TA-10004147,306,22,2026-06-13
OFF-AR-10001545,490,26,2026-06-13
TEC-AC-10001013,99,29,2026-06-13
OFF-AR-10002255,118,18,2026-06-13
OFF-PA-10001892,132,35,2026-06-13
OFF-BI-10003676,47,37,2026-06-13
OFF-FA-10003495,291,40,2026-06-13
OFF-EN-10003798,262,47,2026-06-13
TEC-PH-10003589,18,44,2026-06-13
OFF-PA-10004735,494,15,2026-06-13
FUR-BO-10002206,284,12,2026-06-13
OFF-PA-10000141,171,36,2026-06-13
TEC-PH-10001061,19,30,2026-06-13
OFF-AR-10002375,286,28,2026-06-13
OFF-EN-10001539,434,43,2026-06-13
FUR-TA-10004086,338,49,2026-06-13
OFF-PA-10000100,229,23,2026-06-13
OFF-LA-10000973,103,21,2026-06-13
OFF-ST-10001476,494,14,2026-06-13
OFF-EN-10002831,345,17,2026-06-13
OFF-PA-10001763,223,22,2026-06-13
OFF-BI-10002072,61,15,2026-06-13
OFF-FA-10001561,180,23,2026-06-13
TEC-MA-10004241,384,32,2026-06-13
OFF-AP-10003849,414,22,2026-06-13
OFF-FA-10000735,70,43,2026-06-13
OFF-BI-10003350,61,46,2026-06-13
TEC-PH-10000307,102,11,2026-06-13
TEC-CO-10004202,227,10,2026-06-13
FUR-FU-10001852,223,44,2026-06-13
OFF-AR-10003759,386,10,2026-06-13
OFF-ST-10004337,475,24,2026-06-13
FUR-TA-10001932,227,25,2026-06-13
FUR-CH-10002126,138,33,2026-06-13
OFF-AP-10000576,168,45,2026-06-13
TEC-PH-10004700,74,44,2026-06-13
OFF-BI-10003429,189,32,2026-06-13
FUR-FU-10004952,336,34,2026-06-13
OFF-PA-10003172,417,36,2026-06-13
OFF-ST-10002352,159,12,2026-06-13
OFF-PA-10002259,185,46,2026-06-13
OFF-BI-10002976,23,39,2026-06-13
OFF-BI-10003694,91,39,2026-06-13
OFF-LA-10004425,241,28,2026-06-13
FUR-CH-10001270,424,26,2026-06-13
TEC-PH-10004539,366,18,2026-06-13
OFF-AR-10001919,214,31,2026-06-13
TEC-PH-10003655,42,18,2026-06-13
OFF-BI-10004656,66,36,2026-06-13
OFF-ST-10002344,273,33,2026-06-13
TEC-PH-10004447,84,32,2026-06-13
FUR-CH-10003973,429,10,2026-06-13
OFF-PA-10000682,112,47,2026-06-13
FUR-FU-10002268,351,42,2026-06-13
TEC-AC-10001990,415,29,2026-06-13
FUR-CH-10004540,403,24,2026-06-13
OFF-ST-10002292,363,25,2026-06-13
OFF-AR-10004999,490,45,2026-06-13
OFF-BI-10001031,351,31,2026-06-13
OFF-BI-10002432,214,41,2026-06-13
FUR-FU-10001867,411,39,2026-06-13
TEC-PH-10002200,177,31,2026-06-13
TEC-PH-10000439,167,35,2026-06-13
OFF-PA-10001685,462,22,2026-06-13
OFF-ST-10001418,68,47,2026-06-13
OFF-ST-10000676,146,38,2026-06-13
OFF-AR-10001022,116,28,2026-06-13
OFF-EN-10003055,151,38,2026-06-13
TEC-CO-10001046,318,45,2026-06-13
FUR-FU-10000076,303,36,2026-06-13
FUR-FU-10003268,61,30,2026-06-13
FUR-FU-10003691,68,28,2026-06-13
OFF-AR-10003903,282,14,2026-06-13
TEC-PH-10003442,318,35,2026-06-13
OFF-BI-10004519,215,39,2026-06-13
OFF-EN-10004955,287,25,2026-06-13
FUR-TA-10004619,136,44,2026-06-13
FUR-BO-10004467,141,21,2026-06-13
OFF-AR-10002280,95,38,2026-06-13
FUR-CH-10001708,480,13,2026-06-13
OFF-AR-10000462,457,44,2026-06-13
TEC-PH-10004165,152,17,2026-06-13
FUR-FU-10003724,350,14,2026-06-13
FUR-FU-10003535,35,14,2026-06-13
OFF-ST-10003716,280,35,2026-06-13
TEC-PH-10004586,159,40,2026-06-13
OFF-BI-10004236,406,13,2026-06-13
OFF-AR-10000422,195,27,2026-06-13
OFF-PA-10002870,91,27,2026-06-13
OFF-ST-10000563,149,26,2026-06-13
OFF-BI-10002854,114,30,2026-06-13
FUR-CH-10001973,52,15,2026-06-13
TEC-AC-10000580,384,32,2026-06-13
OFF-AR-10004022,97,14,2026-06-13
TEC-AC-10004209,26,41,2026-06-13
TEC-AC-10000023,399,31,2026-06-13
TEC-PH-10003505,105,18,2026-06-13
OFF-LA-10000121,322,21,2026-06-13
OFF-BI-10002026,494,40,2026-06-13
OFF-PA-10000994,283,35,2026-06-13
OFF-BI-10002813,267,22,2026-06-13
OFF-AR-10004817,169,33,2026-06-13
OFF-AR-10001860,320,12,2026-06-13
OFF-BI-10004970,386,43,2026-06-13
OFF-PA-10002968,299,22,2026-06-13
OFF-BI-10004632,357,33,2026-06-13
FUR-BO-10003433,72,15,2026-06-13
FUR-FU-10002554,326,19,2026-06-13
TEC-PH-10003437,317,10,2026-06-13
OFF-AP-10003971,195,13,2026-06-13
FUR-CH-10003846,63,30,2026-06-13
OFF-LA-10001404,291,24,2026-06-13
OFF-LA-10001474,209,15,2026-06-13
OFF-PA-10003072,351,15,2026-06-13
FUR-FU-10004960,208,11,2026-06-13
TEC-AC-10003116,223,20,2026-06-13
OFF-AP-10004859,16,22,2026-06-13
OFF-PA-10002659,282,26,2026-06-13
OFF-BI-10004139,124,40,2026-06-13
OFF-AR-10002818,123,23,2026-06-13
OFF-AP-10001303,206,49,2026-06-13
OFF-ST-10002574,291,28,2026-06-13
FUR-FU-10004018,88,13,2026-06-13
TEC-PH-10002549,19,32,2026-06-13
OFF-PA-10004911,259,20,2026-06-13
TEC-MA-10002178,223,35,2026-06-13
OFF-AR-10000411,351,13,2026-06-13
OFF-LA-10000262,461,10,2026-06-13
OFF-PA-10000466,440,45,2026-06-13
OFF-AR-10003829,286,21,2026-06-13
OFF-BI-10001758,59,24,2026-06-13
OFF-BI-10000136,30,24,2026-06-13
OFF-ST-10000649,430,17,2026-06-13
OFF-PA-10003641,54,31,2026-06-13
FUR-CH-10002961,260,42,2026-06-13
OFF-PA-10004041,422,31,2026-06-13
TEC-PH-10001336,382,10,2026-06-13
TEC-MA-10003183,374,25,2026-06-13
TEC-AC-10001314,121,12,2026-06-13
TEC-AC-10004510,303,18,2026-06-13
OFF-BI-10000042,41,37,2026-06-13
FUR-TA-10003008,87,31,2026-06-13
OFF-AP-10003590,107,14,2026-06-13
OFF-PA-10000806,118,36,2026-06-13
OFF-AR-10000896,261,17,2026-06-13
TEC-PH-10002310,390,25,2026-06-13
OFF-ST-10002289,419,13,2026-06-13
OFF-PA-10001289,388,18,2026-06-13
OFF-FA-10000053,226,28,2026-06-13
FUR-FU-10004091,144,10,2026-06-13
OFF-EN-10003001,339,23,2026-06-13
FUR-TA-10002958,217,17,2026-06-13
FUR-TA-10001676,309,47,2026-06-13
OFF-BI-10000822,141,12,2026-06-13
OFF-PA-10004888,144,39,2026-06-13
FUR-TA-10002622,302,26,2026-06-13
OFF-PA-10000418,53,15,2026-06-13
FUR-TA-10001039,315,39,2026-06-13
OFF-AR-10002240,102,10,2026-06-13
OFF-BI-10002867,400,13,2026-06-13
FUR-FU-10003976,96,24,2026-06-13
TEC-PH-10002922,105,39,2026-06-13
OFF-PA-10000501,199,43,2026-06-13
OFF-AP-10004980,325,39,2026-06-13
TEC-PH-10001750,430,34,2026-06-13
OFF-BI-10003708,313,37,2026-06-13
OFF-BI-10001191,293,43,2026-06-13
OFF-PA-10003673,178,25,2026-06-13
OFF-PA-10001639,127,30,2026-06-13
TEC-AC-10004975,197,21,2026-06-13
OFF-BI-10004364,82,47,2026-06-13
OFF-PA-10001712,118,18,2026-06-13
FUR-CH-10004289,253,23,2026-06-13
TEC-PH-10002564,224,12,2026-06-13
OFF-BI-10004876,94,43,2026-06-13
TEC-PH-10004348,433,27,2026-06-13
OFF-BI-10004352,38,39,2026-06-13
OFF-BI-10000666,73,17,2026-06-13
TEC-MA-10000010,311,26,2026-06-13
OFF-BI-10000977,409,29,2026-06-13
FUR-TA-10002530,77,48,2026-06-13
FUR-FU-10001473,220,33,2026-06-13
OFF-BI-10001765,343,40,2026-06-13
FUR-CH-10000847,207,47,2026-06-13
OFF-PA-10001293,228,20,2026-06-13
OFF-AR-10000634,32,36,2026-06-13
FUR-FU-10004270,376,42,2026-06-13
OFF-AR-10003770,102,28,2026-06-13
OFF-LA-10003121,130,20,2026-06-13
OFF-PA-10002262,425,29,2026-06-13
OFF-PA-10002464,432,21,2026-06-13
OFF-ST-10002214,120,40,2026-06-13
OFF-PA-10000130,36,27,2026-06-13
TEC-AC-10000865,327,43,2026-06-13
OFF-FA-10003021,94,28,2026-06-13
TEC-PH-10003580,359,36,2026-06-13
TEC-AC-10001109,391,25,2026-06-13
OFF-PA-10001838,268,19,2026-06-13
OFF-ST-10004950,275,48,2026-06-13
OFF-PA-10003823,309,13,2026-06-13
TEC-PH-10001300,400,28,2026-06-13
FUR-TA-10003715,252,12,2026-06-13
TEC-MA-10004458,449,24,2026-06-13
OFF-BI-10004965,381,31,2026-06-13
OFF-AR-10001419,179,19,2026-06-13
OFF-PA-10002586,261,19,2026-06-13
OFF-AR-10002221,222,25,2026-06-13
FUR-FU-10002456,458,34,2026-06-13
OFF-FA-10004968,53,47,2026-06-13
OFF-PA-10001274,228,27,2026-06-13
OFF-PA-10001125,281,33,2026-06-13
OFF-ST-10000344,271,37,2026-06-13
OFF-ST-10003324,143,47,2026-06-13
OFF-ST-10000419,435,24,2026-06-13
OFF-AP-10001626,187,40,2026-06-13
FUR-FU-10003981,413,48,2026-06-13
OFF-ST-10001291,63,18,2026-06-13
OFF-AP-10004868,32,26,2026-06-13
OFF-LA-10002195,243,12,2026-06-13
OFF-AR-10001315,79,33,2026-06-13
OFF-EN-10003134,285,19,2026-06-13
OFF-AR-10001955,416,42,2026-06-13
OFF-LA-10001641,464,13,2026-06-13
OFF-ST-10001370,481,15,2026-06-13
TEC-AC-10003038,138,28,2026-06-13
OFF-BI-10000088,167,38,2026-06-13
OFF-AR-10003504,48,48,2026-06-13
OFF-EN-10003160,173,29,2026-06-13
TEC-AC-10003280,45,47,2026-06-13
TEC-PH-10000169,342,42,2026-06-13
OFF-PA-10001526,316,45,2026-06-13
OFF-AP-10004336,164,39,2026-06-13
OFF-PA-10001357,409,22,2026-06-13
OFF-FA-10000992,60,12,2026-06-13
OFF-AR-10001221,386,39,2026-06-13
TEC-PH-10004830,322,36,2026-06-13
OFF-PA-10004519,56,43,2026-06-13
FUR-BO-10000362,243,47,2026-06-13
OFF-PA-10000308,147,13,2026-06-13
OFF-SU-10001165,279,40,2026-06-13
FUR-FU-10001488,287,32,2026-06-13
OFF-AR-10003251,349,21,2026-06-13
OFF-AR-10001044,195,27,2026-06-13
OFF-AR-10000823,91,37,2026-06-13
OFF-AR-10004456,147,10,2026-06-13
OFF-BI-10000591,113,27,2026-06-13
TEC-PH-10000441,142,12,2026-06-13
TEC-AC-10004855,76,33,2026-06-13
OFF-AR-10001915,416,16,2026-06-13
OFF-ST-10000352,213,40,2026-06-13
OFF-PA-10000575,495,10,2026-06-13
FUR-FU-10002937,28,11,2026-06-13
TEC-AC-10003063,230,44,2026-06-13
TEC-AC-10002049,358,15,2026-06-13
FUR-FU-10004415,291,19,2026-06-13
OFF-ST-10002011,179,21,2026-06-13
TEC-PH-10000038,378,38,2026-06-13
OFF-PA-10002689,67,26,2026-06-13
TEC-CO-10001766,315,14,2026-06-13
OFF-PA-10004359,199,31,2026-06-13
OFF-FA-10001135,215,49,2026-06-13
OFF-BI-10004224,37,47,2026-06-13
TEC-PH-10003357,169,13,2026-06-13
OFF-PA-10004475,463,34,2026-06-13
OFF-PA-10003001,234,28,2026-06-13
OFF-FA-10000611,338,18,2026-06-13
OFF-BI-10001116,46,23,2026-06-13
TEC-PH-10004922,193,27,2026-06-13
OFF-BI-10002353,47,20,2026-06-13
OFF-FA-10002676,319,36,2026-06-13
TEC-AC-10003023,25,40,2026-06-13
OFF-PA-10000167,139,26,2026-06-13
TEC-PH-10002185,75,44,2026-06-13
FUR-FU-10000758,427,15,2026-06-13
TEC-MA-10004679,159,34,2026-06-13
OFF-AP-10002495,24,23,2026-06-13
OFF-BI-10002414,332,33,2026-06-13
TEC-AC-10003133,19,47,2026-06-13
TEC-AC-10002006,450,18,2026-06-13
OFF-LA-10002381,168,38,2026-06-13
OFF-FA-10001843,151,24,2026-06-13
OFF-LA-10003077,263,25,2026-06-13
OFF-PA-10003424,111,45,2026-06-13
OFF-PA-10004405,297,24,2026-06-13
FUR-BO-10003965,337,33,2026-06-13
FUR-FU-10002088,356,24,2026-06-13
TEC-AC-10000736,194,43,2026-06-13
FUR-BO-10003966,25,48,2026-06-13
OFF-AP-10000828,288,24,2026-06-13
OFF-AP-10002906,203,11,2026-06-13
OFF-AP-10003860,171,23,2026-06-13
FUR-TA-10001307,154,34,2026-06-13
OFF-PA-10001457,100,29,2026-06-13
OFF-AP-10002082,432,39,2026-06-13
TEC-AC-10003590,29,43,2026-06-13
OFF-PA-10004355,57,11,2026-06-13
OFF-PA-10004947,294,16,2026-06-13
FUR-TA-10004607,325,30,2026-06-13
OFF-PA-10003893,107,23,2026-06-13
TEC-PH-10001817,85,45,2026-06-13
FUR-BO-10000330,136,13,2026-06-13
OFF-BI-10001900,458,12,2026-06-13
FUR-BO-10003159,219,41,2026-06-13
FUR-FU-10001591,496,19,2026-06-13
OFF-LA-10002034,13,33,2026-06-13
OFF-BI-10001628,143,14,2026-06-13
OFF-ST-10000877,147,32,2026-06-13
OFF-AR-10004752,346,27,2026-06-13
OFF-PA-10000675,23,38,2026-06-13
OFF-PA-10001609,196,32,2026-06-13
TEC-PH-10001615,206,37,2026-06-13
TEC-AC-10004568,385,31,2026-06-13
FUR-CH-10001854,466,20,2026-06-13
OFF-AR-10000475,22,44,2026-06-13
TEC-PH-10000455,159,17,2026-06-13
OFF-PA-10001994,363,41,2026-06-13
TEC-AC-10002926,274,24,2026-06-13
TEC-PH-10004897,152,21,2026-06-13
FUR-FU-10001196,404,18,2026-06-13
OFF-PA-10000595,264,37,2026-06-13
OFF-LA-10000443,79,22,2026-06-13
OFF-LA-10001771,78,10,2026-06-13
OFF-AP-10001394,396,43,2026-06-13
FUR-FU-10002553,268,25,2026-06-13
OFF-AP-10004233,241,37,2026-06-13
FUR-CH-10004754,150,21,2026-06-13
OFF-PA-10000809,83,37,2026-06-13
FUR-FU-10002878,430,19,2026-06-13
TEC-PH-10002624,105,34,2026-06-13
TEC-PH-10002885,381,15,2026-06-13
TEC-PH-10000895,161,21,2026-06-13
TEC-MA-10000488,144,32,2026-06-13
OFF-PA-10003729,492,41,2026-06-13
OFF-AP-10001005,230,30,2026-06-13
FUR-CH-10000988,17,20,2026-06-13
FUR-FU-10001986,88,37,2026-06-13
FUR-FU-10004973,149,34,2026-06-13
OFF-ST-10000464,159,41,2026-06-13
OFF-PA-10000528,441,11,2026-06-13
OFF-PA-10003129,101,31,2026-06-13
OFF-AR-10003631,57,21,2026-06-13
OFF-BI-10002133,417,41,2026-06-13
TEC-PH-10004959,458,24,2026-06-13
FUR-BO-10001918,350,35,2026-06-13
FUR-FU-10001617,276,12,2026-06-13
TEC-PH-10002824,396,39,2026-06-13
OFF-PA-10003309,203,38,2026-06-13
OFF-ST-10002554,453,25,2026-06-13
OFF-AR-10002067,250,43,2026-06-13
FUR-TA-10004175,57,36,2026-06-13
FUR-TA-10004767,31,46,2026-06-13
OFF-EN-10002621,18,46,2026-06-13
OFF-LA-10003714,87,36,2026-06-13
FUR-FU-10001889,454,16,2026-06-13
OFF-AR-10003723,216,38,2026-06-13
OFF-PA-10000241,235,46,2026-06-13
OFF-AR-10001446,206,44,2026-06-13
OFF-BI-10001359,329,33,2026-06-13
OFF-EN-10001749,252,32,2026-06-13
OFF-BI-10004390,18,18,2026-06-13
TEC-PH-10004924,188,18,2026-06-13
FUR-CH-10000155,225,11,2026-06-13
OFF-BI-10001757,288,25,2026-06-13
FUR-FU-10004093,90,30,2026-06-13
FUR-FU-10001037,446,42,2026-06-13
OFF-PA-10001878,94,41,2026-06-13
TEC-MA-10003674,417,22,2026-06-13
OFF-LA-10003190,109,35,2026-06-13
TEC-PH-10001809,69,14,2026-06-13
OFF-BI-10003091,224,12,2026-06-13
FUR-CH-10003981,247,26,2026-06-13
OFF-ST-10002562,47,31,2026-06-13
TEC-PH-10004345,286,46,2026-06-13
TEC-PH-10001198,400,47,2026-06-13
OFF-PA-10001972,485,34,2026-06-13
TEC-PH-10002483,379,20,2026-06-13
FUR-BO-10000468,438,19,2026-06-13
TEC-AC-10001284,167,33,2026-06-13
OFF-BI-10002082,309,35,2026-06-13
OFF-ST-10001505,333,49,2026-06-13
OFF-AR-10004582,122,44,2026-06-13
TEC-AC-10002842,246,33,2026-06-13
OFF-AP-10004785,12,40,2026-06-13
TEC-AC-10002217,114,39,2026-06-13
OFF-BI-10002954,427,36,2026-06-13
OFF-AP-10003281,454,14,2026-06-13
OFF-SU-10000898,233,36,2026-06-13
OFF-BI-10001249,398,45,2026-06-13
TEC-AC-10002718,179,48,2026-06-13
TEC-PH-10002352,10,29,2026-06-13
FUR-CH-10003774,13,33,2026-06-13
OFF-AR-10000127,350,34,2026-06-13
TEC-PH-10003811,229,27,2026-06-13
OFF-BI-10002393,493,24,2026-06-13
FUR-TA-10002855,11,26,2026-06-13
OFF-EN-10000781,189,33,2026-06-13
OFF-PA-10002160,475,22,2026-06-13
OFF-AR-10002257,23,25,2026-06-13
OFF-FA-10004395,423,34,2026-06-13
OFF-AP-10002534,326,37,2026-06-13
FUR-BO-10003034,476,21,2026-06-13
OFF-ST-10000943,36,42,2026-06-13
OFF-PA-10000533,128,21,2026-06-13
OFF-ST-10001172,487,25,2026-06-13
OFF-PA-10001661,376,49,2026-06-13
OFF-BI-10004817,200,23,2026-06-13
FUR-CH-10003833,18,10,2026-06-13
FUR-FU-10003142,30,17,2026-06-13
TEC-AC-10001114,134,17,2026-06-13
OFF-FA-10002975,321,22,2026-06-13
OFF-ST-10003996,255,46,2026-06-13
OFF-BI-10002571,438,18,2026-06-13
OFF-PA-10000477,33,39,2026-06-13
OFF-BI-10004209,41,41,2026-06-13
TEC-AC-10002800,14,29,2026-06-13
FUR-TA-10003954,107,41,2026-06-13
TEC-AC-10003289,290,33,2026-06-13
TEC-PH-10002468,207,20,2026-06-13
OFF-PA-10001295,359,30,2026-06-13
OFF-LA-10000248,54,40,2026-06-13
OFF-FA-10004076,294,49,2026-06-13
OFF-LA-10004008,200,30,2026-06-13
OFF-AR-10001177,326,44,2026-06-13
OFF-BI-10001718,125,14,2026-06-13
OFF-AR-10004602,238,17,2026-06-13
OFF-ST-10000078,250,19,2026-06-13
OFF-PA-10000357,351,41,2026-06-13
OFF-AR-10004272,437,33,2026-06-13
TEC-PH-10001578,495,32,2026-06-13
OFF-ST-10003638,149,38,2026-06-13
FUR-BO-10002213,363,11,2026-06-13
OFF-EN-10003040,487,17,2026-06-13
TEC-PH-10000923,223,34,2026-06-13
FUR-FU-10003623,226,44,2026-06-13
OFF-AP-10000124,234,41,2026-06-13
OFF-AR-10004511,416,15,2026-06-13
OFF-PA-10003883,444,35,2026-06-13
TEC-PH-10002807,132,11,2026-06-13
FUR-FU-10002364,58,30,2026-06-13
OFF-SU-10001664,32,20,2026-06-13
FUR-TA-10003238,343,44,2026-06-13
TEC-PH-10001536,236,17,2026-06-13
OFF-AR-10004956,164,30,2026-06-13
OFF-AR-10003696,234,40,2026-06-13
OFF-PA-10000551,219,23,2026-06-13
OFF-BI-10004506,84,21,2026-06-13
OFF-PA-10000740,292,39,2026-06-13
FUR-CH-10002084,378,12,2026-06-13
OFF-AP-10000692,281,48,2026-06-13
OFF-AP-10000252,38,31,2026-06-13
FUR-FU-10004748,178,47,2026-06-13
FUR-FU-10001473,471,10,2026-06-13
OFF-AR-10000538,207,19,2026-06-13
TEC-PH-10001079,83,29,2026-06-13
OFF-AP-10003842,461,26,2026-06-13
FUR-CH-10000553,291,41,2026-06-13
OFF-AR-10003469,11,34,2026-06-13
OFF-PA-10003790,45,24,2026-06-13
FUR-BO-10002202,298,45,2026-06-13
OFF-AP-10002765,102,46,2026-06-13
OFF-ST-10003692,74,44,2026-06-13
TEC-PH-10001051,205,28,2026-06-13
OFF-AR-10000817,151,13,2026-06-13
OFF-SU-10000952,300,26,2026-06-13
FUR-FU-10004597,230,15,2026-06-13
OFF-BI-10002982,31,37,2026-06-13
OFF-PA-10004285,378,37,2026-06-13
OFF-AP-10001391,309,12,2026-06-13
OFF-PA-10000477,170,17,2026-06-13
TEC-PH-10001944,108,20,2026-06-13
OFF-PA-10001776,483,40,2026-06-13
TEC-AC-10004145,455,47,2026-06-13
OFF-PA-10003919,233,39,2026-06-13
OFF-PA-10002001,442,28,2026-06-13
OFF-PA-10002787,338,15,2026-06-13
OFF-ST-10003123,287,29,2026-06-13
FUR-FU-10000308,265,24,2026-06-13
TEC-CO-10003763,476,28,2026-06-13
FUR-TA-10001866,327,20,2026-06-13
OFF-AP-10002222,171,11,2026-06-13
OFF-PA-10003971,110,25,2026-06-13
OFF-AP-10004036,192,49,2026-06-13
OFF-AP-10002287,63,47,2026-06-13
FUR-TA-10001950,117,20,2026-06-13
TEC-PH-10001527,13,18,2026-06-13
TEC-AC-10003095,453,37,2026-06-13
TEC-AC-10000358,27,32,2026-06-13
OFF-EN-10004147,41,42,2026-06-13
FUR-FU-10001468,177,17,2026-06-13
OFF-PA-10000380,122,25,2026-06-13
OFF-AP-10000026,117,11,2026-06-13
OFF-PA-10003936,69,11,2026-06-13
FUR-FU-10002501,322,34,2026-06-13
OFF-AP-10001205,255,28,2026-06-13
OFF-PA-10000659,369,20,2026-06-13
OFF-BI-10004141,413,46,2026-06-13
OFF-BI-10000632,190,18,2026-06-13
TEC-AC-10004864,232,44,2026-06-13
TEC-MA-10000597,230,14,2026-06-13
OFF-PA-10002960,307,20,2026-06-13
OFF-PA-10000919,313,20,2026-06-13
OFF-BI-10001553,214,22,2026-06-13
OFF-AP-10004540,456,37,2026-06-13
FUR-CH-10001714,232,28,2026-06-13
FUR-FU-10002298,320,35,2026-06-13
OFF-AR-10000315,342,15,2026-06-13
OFF-FA-10000936,129,17,2026-06-13
OFF-SU-10004768,400,11,2026-06-13
OFF-PA-10002581,161,19,2026-06-13
FUR-FU-10004848,34,33,2026-06-13
OFF-AP-10002403,324,34,2026-06-13
OFF-AR-10003087,54,23,2026-06-13
TEC-PH-10000141,327,23,2026-06-13
TEC-CO-10000971,433,31,2026-06-13
OFF-FA-10001229,256,39,2026-06-13
OFF-BI-10002437,161,30,2026-06-13
OFF-PA-10004255,174,13,2026-06-13
OFF-PA-10001184,151,19,2026-06-13
TEC-AC-10002637,471,12,2026-06-13
FUR-BO-10000780,143,30,2026-06-13
TEC-PH-10003072,391,40,2026-06-13
TEC-MA-10000112,271,34,2026-06-13
TEC-AC-10004171,269,19,2026-06-13
FUR-TA-10002645,53,39,2026-06-13
OFF-BI-10003784,427,41,2026-06-13
OFF-BI-10001617,206,28,2026-06-13
FUR-CH-10002439,374,38,2026-06-13
OFF-AP-10003057,200,42,2026-06-13
FUR-TA-10000849,57,32,2026-06-13
OFF-EN-10002973,197,45,2026-06-13
OFF-BI-10003963,460,48,2026-06-13
OFF-LA-10000081,248,33,2026-06-13
OFF-PA-10000726,281,39,2026-06-13
OFF-PA-10004983,377,16,2026-06-13
FUR-FU-10002107,393,27,2026-06-13
FUR-BO-10002213,486,36,2026-06-13
FUR-CH-10001190,457,48,2026-06-13
TEC-AC-10000682,127,29,2026-06-13
OFF-LA-10004545,463,23,2026-06-13
OFF-SU-10002557,477,17,2026-06-13
TEC-PH-10000912,312,33,2026-06-13
OFF-ST-10001837,305,44,2026-06-13
OFF-AR-10001473,377,36,2026-06-13
TEC-PH-10001835,380,17,2026-06-13
OFF-PA-10002245,485,42,2026-06-13
OFF-EN-10004483,222,49,2026-06-13
OFF-SU-10000151,190,21,2026-06-13
OFF-AP-10001293,387,42,2026-06-13
TEC-PH-10000675,344,29,2026-06-13
OFF-ST-10003470,325,13,2026-06-13
OFF-LA-10004559,329,35,2026-06-13
OFF-AP-10002651,459,46,2026-06-13
TEC-AC-10002550,332,26,2026-06-13
OFF-BI-10000829,127,44,2026-06-13
TEC-PH-10002555,471,25,2026-06-13
FUR-BO-10003450,128,43,2026-06-13
FUR-FU-10004665,384,10,2026-06-13
TEC-PH-10000369,52,40,2026-06-13
TEC-AC-10001590,289,46,2026-06-13
FUR-FU-10004909,144,29,2026-06-13
FUR-BO-10004357,495,35,2026-06-13
TEC-AC-10000387,309,31,2026-06-13
OFF-BI-10001308,11,21,2026-06-13
OFF-AP-10002734,58,21,2026-06-13
FUR-FU-10004587,442,21,2026-06-13
TEC-PH-10004833,172,33,2026-06-13
FUR-FU-10001847,54,31,2026-06-13
FUR-FU-10002045,402,49,2026-06-13
FUR-FU-10004671,177,49,2026-06-13
FUR-TA-10003569,186,26,2026-06-13
TEC-PH-10002310,460,23,2026-06-13
OFF-PA-10001752,384,24,2026-06-13
TEC-MA-10003356,107,10,2026-06-13
OFF-AR-10003727,397,46,2026-06-13
TEC-AC-10001635,244,26,2026-06-13
OFF-LA-10003663,477,46,2026-06-13
TEC-CO-10004722,310,24,2026-06-13
TEC-MA-10002210,441,45,2026-06-13
OFF-BI-10003196,257,40,2026-06-13
FUR-CH-10002017,280,48,2026-06-13
FUR-FU-10003829,411,17,2026-06-13
OFF-PA-10000697,40,17,2026-06-13
OFF-AR-10004691,189,25,2026-06-13
FUR-FU-10004270,280,36,2026-06-13
OFF-BI-10000948,413,38,2026-06-13
OFF-PA-10000223,170,38,2026-06-13
OFF-PA-10000062,16,11,2026-06-13
FUR-BO-10003404,244,10,2026-06-13
OFF-BI-10004233,127,48,2026-06-13
TEC-PH-10002834,263,30,2026-06-13
FUR-CH-10003761,266,43,2026-06-13
OFF-PA-10004665,181,47,2026-06-13
OFF-BI-10001196,156,15,2026-06-13
TEC-MA-10002981,153,24,2026-06-13
TEC-PH-10003601,114,47,2026-06-13
OFF-BI-10002003,281,32,2026-06-13
OFF-PA-10003016,281,12,2026-06-13
OFF-PA-10002246,406,15,2026-06-13
TEC-PH-10002890,52,19,2026-06-13
TEC-MA-10003626,457,31,2026-06-13
TEC-MA-10002412,25,49,2026-06-13
OFF-AR-10003183,93,38,2026-06-13
OFF-PA-10002319,113,28,2026-06-13
OFF-PA-10001246,390,25,2026-06-13
OFF-PA-10001815,62,10,2026-06-13
FUR-FU-10001876,435,24,2026-06-13
TEC-PH-10004531,72,47,2026-06-13
TEC-PH-10000673,356,35,2026-06-13
TEC-PH-10002075,81,17,2026-06-13
TEC-PH-10003691,219,14,2026-06-13
OFF-SU-10000157,50,15,2026-06-13
TEC-AC-10004227,244,33,2026-06-13
TEC-AC-10004127,284,17,2026-06-13
FUR-CH-10002758,162,33,2026-06-13
OFF-ST-10000532,75,10,2026-06-13
TEC-AC-10003709,490,26,2026-06-13
OFF-BI-10003166,167,21,2026-06-13
OFF-ST-10004835,107,23,2026-06-13
OFF-AP-10000159,414,37,2026-06-13
OFF-AP-10001242,403,16,2026-06-13
TEC-AC-10003433,458,41,2026-06-13
TEC-PH-10003187,257,42,2026-06-13
OFF-FA-10002763,363,39,2026-06-13
OFF-PA-10004239,295,18,2026-06-13
OFF-PA-10004782,13,10,2026-06-13
FUR-FU-10001185,339,14,2026-06-13
OFF-PA-10003270,245,15,2026-06-13
OFF-PA-10002421,103,39,2026-06-13
OFF-PA-10002923,379,30,2026-06-13
OFF-ST-10001128,131,22,2026-06-13
OFF-PA-10000520,69,28,2026-06-13
FUR-FU-10003832,117,15,2026-06-13
FUR-FU-10000409,309,10,2026-06-13
TEC-PH-10004389,409,23,2026-06-13
OFF-SU-10000946,195,24,2026-06-13
FUR-FU-10001546,181,35,2026-06-13
OFF-PA-10000791,282,15,2026-06-13
OFF-PA-10003739,393,13,2026-06-13
FUR-FU-10000771,32,27,2026-06-13
OFF-ST-10002615,283,43,2026-06-13
OFF-PA-10000327,42,16,2026-06-13
OFF-EN-10003286,214,30,2026-06-13
OFF-AR-10003772,105,26,2026-06-13
OFF-AR-10003338,22,49,2026-06-13
FUR-FU-10002116,186,18,2026-06-13
FUR-CH-10000422,495,27,2026-06-13
FUR-FU-10002685,371,49,2026-06-13
FUR-FU-10004963,475,45,2026-06-13
OFF-BI-10000174,424,49,2026-06-13
FUR-CH-10004875,91,11,2026-06-13
FUR-FU-10000305,226,36,2026-06-13
TEC-PH-10001459,201,39,2026-06-13
FUR-FU-10002445,475,47,2026-06-13
OFF-PA-10000213,319,14,2026-06-13
FUR-CH-10001797,349,25,2026-06-13
OFF-PA-10003848,399,41,2026-06-13
FUR-FU-10000755,18,15,2026-06-13
OFF-BI-10004654,29,13,2026-06-13
FUR-FU-10000550,313,14,2026-06-13
TEC-MA-10004521,449,11,2026-06-13
OFF-BI-10003655,369,28,2026-06-13
OFF-AP-10003779,70,46,2026-06-13
OFF-FA-10002701,378,36,2026-06-13
OFF-BI-10002799,88,12,2026-06-13
OFF-AR-10003582,276,28,2026-06-13
FUR-FU-10004666,54,10,2026-06-13
OFF-EN-10002312,274,21,2026-06-13
FUR-CH-10002320,486,38,2026-06-13
OFF-AR-10001216,169,32,2026-06-13
FUR-FU-10003247,167,30,2026-06-13
FUR-TA-10003837,363,34,2026-06-13
TEC-PH-10002350,374,46,2026-06-13
TEC-AC-10000397,69,18,2026-06-13
TEC-AC-10004001,111,13,2026-06-13
OFF-PA-10001534,273,33,2026-06-13
FUR-FU-10002379,83,31,2026-06-13
TEC-PH-10000526,243,28,2026-06-13
OFF-PA-10001977,309,24,2026-06-13
FUR-BO-10003660,57,46,2026-06-13
OFF-BI-10001267,311,35,2026-06-13
OFF-PA-10002741,335,20,2026-06-13
OFF-PA-10001471,123,26,2026-06-13
TEC-MA-10001972,245,46,2026-06-13
FUR-FU-10003464,364,12,2026-06-13
TEC-PH-10002200,69,39,2026-06-13
OFF-PA-10004438,211,22,2026-06-13
FUR-FU-10004586,29,38,2026-06-13
TEC-PH-10004908,218,25,2026-06-13
FUR-CH-10004495,63,43,2026-06-13
TEC-MA-10000418,95,14,2026-06-13
OFF-BI-10004600,112,26,2026-06-13
OFF-BI-10004040,205,40,2026-06-13
OFF-AR-10001615,318,48,2026-06-13
TEC-PH-10001299,240,12,2026-06-13
OFF-AR-10004260,227,40,2026-06-13
OFF-EN-10004773,46,28,2026-06-13
OFF-BI-10001787,489,46,2026-06-13
OFF-ST-10002957,118,30,2026-06-13
OFF-FA-10001883,260,36,2026-06-13
TEC-PH-10001644,244,39,2026-06-13
OFF-LA-10000407,203,19,2026-06-13
TEC-AC-10000420,491,21,2026-06-13
OFF-EN-10004846,33,14,2026-06-13
OFF-SU-10003567,416,19,2026-06-13
OFF-ST-10002301,345,35,2026-06-13
TEC-PH-10003095,15,33,2026-06-13
TEC-PH-10004912,499,27,2026-06-13
OFF-AR-10000799,412,48,2026-06-13
OFF-PA-10004609,260,36,2026-06-13
TEC-PH-10003171,219,46,2026-06-13
OFF-AP-10000595,68,17,2026-06-13
TEC-AC-10003399,168,23,2026-06-13
TEC-MA-10002428,110,47,2026-06-13
TEC-PH-10001128,318,21,2026-06-13
OFF-PA-10001033,300,20,2026-06-13
TEC-AC-10000474,493,24,2026-06-13
FUR-FU-10002963,140,16,2026-06-13
FUR-FU-10000193,246,30,2026-06-13
OFF-BI-10000962,239,30,2026-06-13
OFF-AP-10002867,256,19,2026-06-13
FUR-BO-10002916,383,38,2026-06-13
FUR-TA-10004152,354,23,2026-06-13
FUR-FU-10000672,85,42,2026-06-13
FUR-BO-10002598,454,13,2026-06-13
OFF-ST-10004950,446,26,2026-06-13
OFF-PA-10004610,332,36,2026-06-13
FUR-FU-10000320,349,23,2026-06-13
FUR-CH-10003535,233,25,2026-06-13
FUR-FU-10003919,101,19,2026-06-13
OFF-PA-10000174,191,47,2026-06-13
FUR-FU-10002703,229,11,2026-06-13
TEC-PH-10002415,496,42,2026-06-13
OFF-AR-10000657,68,18,2026-06-13
OFF-PA-10004996,354,33,2026-06-13
OFF-PA-10003363,348,41,2026-06-13
TEC-AC-10002305,465,21,2026-06-13
TEC-AC-10000990,346,28,2026-06-13
FUR-BO-10001608,305,25,2026-06-13
FUR-BO-10000112,355,15,2026-06-13
TEC-PH-10004120,84,22,2026-06-13
OFF-BI-10003476,335,30,2026-06-13
TEC-MA-10002859,210,13,2026-06-13
OFF-AP-10001947,145,47,2026-06-13
OFF-LA-10001982,29,42,2026-06-13
TEC-PH-10003484,144,28,2026-06-13
OFF-PA-10000007,166,24,2026-06-13
OFF-PA-10000552,434,48,2026-06-13
TEC-MA-10001148,149,23,2026-06-13
OFF-AR-10004062,50,45,2026-06-13
OFF-ST-10000321,253,29,2026-06-13
OFF-AR-10001149,274,17,2026-06-13
TEC-AC-10002134,112,47,2026-06-13
TEC-PH-10004071,364,49,2026-06-13
OFF-PA-10004039,461,20,2026-06-13
TEC-AC-10002550,183,48,2026-06-13
OFF-AR-10001725,261,18,2026-06-13
OFF-AR-10004269,99,21,2026-06-13
OFF-BI-10003007,207,12,2026-06-13
OFF-PA-10002195,62,18,2026-06-13
OFF-SU-10002522,42,26,2026-06-13
TEC-AC-10004859,106,15,2026-06-13
TEC-AC-10002558,448,22,2026-06-13
FUR-FU-10001731,401,40,2026-06-13
OFF-SU-10004782,94,43,2026-06-13
OFF-SU-10000432,458,37,2026-06-13
OFF-LA-10004409,352,22,2026-06-13
OFF-ST-10001031,460,39,2026-06-13
OFF-LA-10000476,151,49,2026-06-13
OFF-AR-10002987,444,43,2026-06-13
TEC-CO-10001571,102,43,2026-06-13
FUR-FU-10003026,329,43,2026-06-13
OFF-ST-10001034,394,47,2026-06-13
TEC-AC-10000521,294,25,2026-06-13
OFF-SU-10003002,441,47,2026-06-13
TEC-PH-10000730,328,36,2026-06-13
FUR-CH-10004983,274,27,2026-06-13
OFF-FA-10001332,311,27,2026-06-13
TEC-AC-10001874,302,21,2026-06-13
OFF-BI-10000494,38,25,2026-06-13
FUR-TA-10003469,348,41,2026-06-13
OFF-AR-10003179,387,26,2026-06-13
FUR-CH-10003606,340,39,2026-06-13
FUR-CH-10003298,179,19,2026-06-13
OFF-LA-10003537,40,40,2026-06-13
OFF-PA-10000069,316,32,2026-06-13
FUR-FU-10004017,482,33,2026-06-13
OFF-PA-10004733,438,25,2026-06-13
TEC-AC-10004814,167,48,2026-06-13
OFF-SU-10002301,228,23,2026-06-13
OFF-BI-10004318,373,27,2026-06-13
FUR-FU-10004164,159,26,2026-06-13
TEC-AC-10001539,420,25,2026-06-13
TEC-PH-10002789,218,40,2026-06-13
OFF-BI-10004828,455,48,2026-06-13
OFF-AR-10001770,459,36,2026-06-13
FUR-FU-10004904,324,28,2026-06-13
FUR-FU-10002396,15,30,2026-06-13
TEC-AC-10002331,283,12,2026-06-13
TEC-AC-10001090,307,46,2026-06-13
FUR-BO-10004218,127,27,2026-06-13
TEC-PH-10001619,219,17,2026-06-13
OFF-PA-10000246,66,14,2026-06-13
OFF-PA-10001461,384,26,2026-06-13
OFF-AR-10004165,490,19,2026-06-13
OFF-EN-10001028,483,36,2026-06-13
TEC-PH-10003535,29,44,2026-06-13
FUR-FU-10001085,49,41,2026-06-13
OFF-AR-10003481,244,17,2026-06-13
OFF-PA-10002606,476,21,2026-06-13
FUR-FU-10003731,415,24,2026-06-13
OFF-AP-10001962,137,36,2026-06-13
FUR-FU-10003798,274,32,2026-06-13
OFF-AR-10002704,259,10,2026-06-13
TEC-AC-10002942,389,39,2026-06-13
TEC-MA-10001016,42,46,2026-06-13
TEC-AC-10001553,161,11,2026-06-13
FUR-FU-10001215,412,26,2026-06-13
OFF-PA-10002499,238,11,2026-06-13
TEC-PH-10003215,433,38,2026-06-13
OFF-LA-10002945,415,21,2026-06-13
OFF-AR-10002766,346,31,2026-06-13
TEC-PH-10004434,22,14,2026-06-13
FUR-BO-10000711,169,26,2026-06-13
OFF-BI-10001120,50,20,2026-06-13
OFF-AP-10004655,345,39,2026-06-13
FUR-BO-10004360,170,12,2026-06-13
TEC-AC-10000199,465,46,2026-06-13
TEC-MA-10001127,381,47,2026-06-13
OFF-AR-10001227,55,26,2026-06-13
FUR-CH-10000229,187,34,2026-06-13
FUR-BO-10002853,84,26,2026-06-13
OFF-PA-10004022,203,48,2026-06-13
OFF-PA-10004248,68,29,2026-06-13
OFF-PA-10001363,434,28,2026-06-13
OFF-BI-10003876,436,39,2026-06-13
OFF-EN-10004007,283,37,2026-06-13
FUR-BO-10003894,492,27,2026-06-13
TEC-MA-10001570,89,26,2026-06-13
FUR-FU-10003930,413,14,2026-06-13
OFF-PA-10000232,48,10,2026-06-13
OFF-AR-10001972,264,32,2026-06-13
OFF-AR-10004587,161,29,2026-06-13
OFF-AP-10001366,122,27,2026-06-13
OFF-BI-10000216,39,43,2026-06-13
TEC-MA-10001047,404,35,2026-06-13
OFF-LA-10003720,454,24,2026-06-13
TEC-MA-10003246,225,22,2026-06-13
FUR-FU-10000175,426,11,2026-06-13
OFF-PA-10000556,205,22,2026-06-13
TEC-AC-10003237,187,44,2026-06-13
OFF-EN-10003068,332,12,2026-06-13
FUR-FU-10004053,430,28,2026-06-13
OFF-PA-10000565,403,48,2026-06-13
OFF-LA-10000414,424,41,2026-06-13
OFF-AP-10002998,360,34,2026-06-13
FUR-BO-10004690,366,39,2026-06-13
OFF-AR-10002445,321,15,2026-06-13
FUR-BO-10003546,258,29,2026-06-13
FUR-TA-10003392,260,18,2026-06-13
OFF-AR-10003217,117,31,2026-06-13
OFF-ST-10001932,209,43,2026-06-13
OFF-AR-10001761,212,26,2026-06-13
OFF-EN-10003567,359,28,2026-06-13
OFF-PA-10003022,99,27,2026-06-13
FUR-TA-10004442,456,18,2026-06-13
OFF-ST-10000129,229,11,2026-06-13
OFF-PA-10004948,292,45,2026-06-13
OFF-PA-10001725,116,40,2026-06-13
TEC-PH-10000213,290,38,2026-06-13
OFF-PA-10000807,62,17,2026-06-13
OFF-ST-10003805,138,45,2026-06-13
OFF-PA-10004353,82,17,2026-06-13
OFF-EN-10004206,86,42,2026-06-13
OFF-LA-10003388,189,42,2026-06-13
TEC-PH-10000193,444,30,2026-06-13
FUR-FU-10002111,249,15,2026-06-13
OFF-ST-10000885,426,47,2026-06-13
OFF-PA-10002709,175,47,2026-06-13
FUR-FU-10003424,120,18,2026-06-13
OFF-BI-10003718,189,36,2026-06-13
FUR-FU-10002508,240,16,2026-06-13
OFF-AP-10004052,455,17,2026-06-13
OFF-PA-10003134,143,43,2026-06-13
FUR-FU-10000719,151,43,2026-06-13
FUR-BO-10003893,141,22,2026-06-13
TEC-CO-10001943,290,44,2026-06-13
FUR-CH-10000749,12,23,2026-06-13
OFF-PA-10003228,97,21,2026-06-13
TEC-AC-10001542,40,48,2026-06-13
TEC-AC-10004877,251,39,2026-06-13
TEC-PH-10001305,134,17,2026-06-13
OFF-PA-10000483,442,21,2026-06-13
TEC-AC-10000487,469,10,2026-06-13
TEC-AC-10002018,384,43,2026-06-13
OFF-PA-10004381,309,45,2026-06-13
OFF-EN-10001453,326,40,2026-06-13
OFF-SU-10001212,430,38,2026-06-13
OFF-BI-10000201,365,47,2026-06-13
TEC-AC-10004396,155,13,2026-06-13
OFF-PA-10001166,25,39,2026-06-13
OFF-AR-10002467,317,11,2026-06-13
FUR-FU-10002813,188,49,2026-06-13
TEC-MA-10000752,455,11,2026-06-13
FUR-FU-10004845,161,29,2026-06-13
OFF-FA-10000840,449,36,2026-06-13
OFF-AR-10001231,146,42,2026-06-13
TEC-PH-10004875,87,35,2026-06-13
FUR-CH-10001802,266,11,2026-06-13
TEC-PH-10003356,304,20,2026-06-13
OFF-AP-10002670,182,46,2026-06-13
OFF-FA-10003485,177,18,2026-06-13
OFF-AP-10000390,174,42,2026-06-13
OFF-PA-10002764,159,39,2026-06-13
OFF-PA-10000143,86,28,2026-06-13
TEC-MA-10000045,433,32,2026-06-13
OFF-ST-10000136,183,17,2026-06-13
TEC-PH-10004522,175,36,2026-06-13
TEC-PH-10002584,92,12,2026-06-13
FUR-CH-10004626,249,26,2026-06-13
TEC-PH-10000562,31,37,2026-06-13
FUR-FU-10001025,232,22,2026-06-13
OFF-LA-10004178,72,46,2026-06-13
OFF-PA-10003797,93,24,2026-06-13
OFF-EN-10003448,53,47,2026-06-13
OFF-AP-10000938,180,33,2026-06-13
OFF-SU-10004737,475,28,2026-06-13
FUR-TA-10001691,382,24,2026-06-13
TEC-MA-10003173,219,28,2026-06-13
OFF-LA-10000305,446,45,2026-06-13
TEC-PH-10002583,343,15,2026-06-13
OFF-AR-10003876,341,29,2026-06-13
FUR-FU-10004864,93,17,2026-06-13
OFF-PA-10003063,182,41,2026-06-13
OFF-PA-10003302,109,33,2026-06-13
TEC-MA-10000423,49,46,2026-06-13
OFF-PA-10003022,124,44,2026-06-13
TEC-AC-10004992,81,26,2026-06-13
OFF-BI-10004099,476,46,2026-06-13
OFF-PA-10001215,354,43,2026-06-13
TEC-AC-10003870,91,35,2026-06-13
OFF-AP-10000275,462,27,2026-06-13
FUR-FU-10003192,49,12,2026-06-13
OFF-PA-10000859,93,23,2026-06-13
OFF-AR-10000614,281,39,2026-06-13
OFF-FA-10000089,405,29,2026-06-13
FUR-TA-10001771,389,29,2026-06-13
FUR-CH-10002044,481,34,2026-06-13
TEC-PH-10001795,332,31,2026-06-13
FUR-TA-10001086,204,25,2026-06-13
OFF-PA-10000048,421,33,2026-06-13
TEC-MA-10002109,176,36,2026-06-13
OFF-PA-10003036,208,40,2026-06-13
TEC-PH-10001870,102,49,2026-06-13
OFF-ST-10002182,373,47,2026-06-13
TEC-PH-10001468,78,15,2026-06-13
OFF-AR-10004010,67,30,2026-06-13
OFF-ST-10003572,18,30,2026-06-13
OFF-ST-10003994,241,17,2026-06-13
FUR-CH-10001545,358,46,2026-06-13
FUR-FU-10004245,124,17,2026-06-13
OFF-EN-10002592,462,40,2026-06-13
OFF-AR-10000914,288,29,2026-06-13
OFF-LA-10003498,143,43,2026-06-13
TEC-MA-10003329,417,18,2026-06-13
FUR-FU-10000747,349,43,2026-06-13
TEC-PH-10004100,19,48,2026-06-13
OFF-ST-10000636,302,34,2026-06-13
TEC-PH-10003174,342,15,2026-06-13
OFF-PA-10001497,267,11,2026-06-13
OFF-PA-10001952,314,32,2026-06-13
OFF-SU-10004661,366,34,2026-06-13
OFF-BI-10002026,159,13,2026-06-13
OFF-PA-10001826,370,17,2026-06-13
TEC-MA-10001031,452,49,2026-06-13
TEC-MA-10003176,448,29,2026-06-13
TEC-AC-10002647,45,19,2026-06-13
TEC-PH-10002114,490,29,2026-06-13
OFF-PA-10001593,314,39,2026-06-13
TEC-AC-10004803,52,29,2026-06-13
OFF-PA-10001801,329,27,2026-06-13
TEC-PH-10000127,46,38,2026-06-13
OFF-AP-10001564,227,40,2026-06-13
TEC-AC-10004595,19,24,2026-06-13
FUR-FU-10002874,355,11,2026-06-13
FUR-FU-10003489,287,15,2026-06-13
TEC-MA-10002073,450,13,2026-06-13
TEC-PH-10004006,408,47,2026-06-13
OFF-BI-10000279,14,46,2026-06-13
OFF-PA-10000300,45,30,2026-06-13
OFF-BI-10004308,199,27,2026-06-13
TEC-PH-10004080,34,30,2026-06-13
OFF-PA-10001260,95,23,2026-06-13
OFF-ST-10004946,464,30,2026-06-13
OFF-PA-10002109,466,39,2026-06-13
TEC-MA-10004255,246,27,2026-06-13
FUR-FU-10003095,429,48,2026-06-13
FUR-FU-10000820,58,16,2026-06-13
TEC-MA-10002930,226,40,2026-06-13
OFF-PA-10003205,91,47,2026-06-13
OFF-LA-10002368,482,38,2026-06-13
TEC-MA-10003230,15,31,2026-06-13
OFF-PA-10000295,467,15,2026-06-13
OFF-SU-10004884,15,45,2026-06-13
FUR-FU-10002240,224,28,2026-06-13
FUR-FU-10001057,25,47,2026-06-13
FUR-CH-10002073,355,10,2026-06-13
OFF-AP-10003278,74,40,2026-06-13
TEC-PH-10002070,386,35,2026-06-13
FUR-FU-10000277,111,46,2026-06-13
TEC-AC-10004420,91,38,2026-06-13
TEC-PH-10004094,32,40,2026-06-13
TEC-MA-10002790,451,25,2026-06-13
OFF-AP-10001634,452,47,2026-06-13
OFF-PA-10001837,50,28,2026-06-13
OFF-AR-10003896,160,47,2026-06-13
OFF-BI-10002897,465,13,2026-06-13
OFF-PA-10001243,16,26,2026-06-13
FUR-FU-10003806,194,17,2026-06-13
TEC-MA-10000904,136,33,2026-06-13
OFF-LA-10002473,46,40,2026-06-13
FUR-FU-10003374,360,10,2026-06-13
TEC-MA-10001856,293,18,2026-06-13
OFF-ST-10003641,261,44,2026-06-13
OFF-AR-10004707,212,21,2026-06-13
TEC-MA-10004086,456,12,2026-06-13
TEC-MA-10001695,195,41,2026-06-13
FUR-FU-10002506,494,11,2026-06-13
TEC-AC-10004518,372,38,2026-06-13
OFF-AP-10000027,324,45,2026-06-13
OFF-PA-10002558,301,27,2026-06-13
TEC-AC-10000926,365,15,2026-06-13
OFF-PA-10001846,199,29,2026-06-13
TEC-MA-10003673,336,34,2026-06-13
FUR-BO-10001567,171,40,2026-06-13
FUR-FU-10001379,249,23,2026-06-13
TEC-MA-10000984,70,40,2026-06-13
OFF-AR-10000937,74,33,2026-06-13
FUR-FU-10002030,358,22,2026-06-13
OFF-FA-10000254,359,29,2026-06-13
OFF-AP-10004136,165,13,2026-06-13
TEC-AC-10002370,331,25,2026-06-13
OFF-AR-10003986,489,34,2026-06-13
OFF-SU-10004290,88,37,2026-06-13
TEC-MA-10004552,265,46,2026-06-13
OFF-PA-10000312,89,34,2026-06-13
OFF-PA-10001001,319,36,2026-06-13
OFF-PA-10001583,72,32,2026-06-13
TEC-MA-10002694,262,49,2026-06-13
TEC-MA-10004626,64,10,2026-06-13
TEC-PH-10004241,324,19,2026-06-13
OFF-SU-10003936,371,15,2026-06-13
TEC-MA-10003337,342,44,2026-06-13
OFF-PA-10000210,92,15,2026-06-13
OFF-AR-10003477,308,36,2026-06-13
FUR-CH-10002317,233,36,2026-06-13
OFF-LA-10004677,372,32,2026-06-13
FUR-CH-10002780,413,22,2026-06-13
OFF-EN-10001535,404,15,2026-06-13
TEC-MA-10003493,389,49,2026-06-13
TEC-AC-10002380,396,14,2026-06-13
TEC-PH-10002817,307,11,2026-06-13
TEC-MA-10003589,12,12,2026-06-13
OFF-AP-10003099,321,30,2026-06-13
TEC-PH-10002645,12,21,2026-06-13
OFF-ST-10001627,360,32,2026-06-13
